{"cameraMode":{"drawMode":0,"name":"Shaded","section":"Shading Mode"},"sceneLighting":true,"audioPlay":false,"sceneViewState":{"showFog":true,"showMaterialUpdate":false,"showSkybox":true,"showFlares":true,"showImageEffects":true,"showParticleSystems":true,"showVisualEffectGraphs":true,"m_FxEnabled":true},"in2DMode":false,"pivot":{"x":553.778076171875,"y":309.4640197753906,"z":71.6373291015625},"rotation":{"x":-0.033303454518318179,"y":-0.0009020434808917344,"z":0.000030206745577743277,"w":-0.9994405508041382},"size":386.1208801269531,"orthographic":false}